{"assets/images/animations/.DS_Store":["assets/images/animations/.DS_Store"],"assets/images/animations/thankyouanim.json":["assets/images/animations/thankyouanim.json"],"assets/images/app_images/.DS_Store":["assets/images/app_images/.DS_Store"],"assets/images/app_images/fill_forms_dark.webp":["assets/images/app_images/fill_forms_dark.webp"],"assets/images/app_images/fill_forms_light.webp":["assets/images/app_images/fill_forms_light.webp"],"assets/images/app_images/image_upload_dark.webp":["assets/images/app_images/image_upload_dark.webp"],"assets/images/app_images/image_upload_light.webp":["assets/images/app_images/image_upload_light.webp"],"assets/images/app_images/inspection_templates_dark.webp":["assets/images/app_images/inspection_templates_dark.webp"],"assets/images/app_images/inspection_templates_light.webp":["assets/images/app_images/inspection_templates_light.webp"],"assets/images/app_images/save_drafts_dark.webp":["assets/images/app_images/save_drafts_dark.webp"],"assets/images/app_images/save_drafts_light.webp":["assets/images/app_images/save_drafts_light.webp"],"assets/images/app_images/share_reports_dark.webp":["assets/images/app_images/share_reports_dark.webp"],"assets/images/app_images/share_reports_light.webp":["assets/images/app_images/share_reports_light.webp"],"assets/logos/.DS_Store":["assets/logos/.DS_Store"],"assets/logos/app_logo.png":["assets/logos/app_logo.png"],"packages/cupertino_icons/assets/CupertinoIcons.ttf":["packages/cupertino_icons/assets/CupertinoIcons.ttf"],"packages/flutter_image_compress_web/assets/pica.min.js":["packages/flutter_image_compress_web/assets/pica.min.js"],"packages/iconsax/lib/assets/fonts/iconsax.ttf":["packages/iconsax/lib/assets/fonts/iconsax.ttf"],"packages/syncfusion_flutter_pdfviewer/assets/highlight.png":["packages/syncfusion_flutter_pdfviewer/assets/highlight.png"],"packages/syncfusion_flutter_pdfviewer/assets/squiggly.png":["packages/syncfusion_flutter_pdfviewer/assets/squiggly.png"],"packages/syncfusion_flutter_pdfviewer/assets/strikethrough.png":["packages/syncfusion_flutter_pdfviewer/assets/strikethrough.png"],"packages/syncfusion_flutter_pdfviewer/assets/underline.png":["packages/syncfusion_flutter_pdfviewer/assets/underline.png"]}